id,firstname,lastname,email,status,Department
100,Marguerite,Cullin,Marguerite.Cullin@jbu.edu,Professor,Religion
101,Sindee,Gherardo,Sindee.Gherardo@jbu.edu,Student,Kinesiology
102,Katharina,Brotherson,Katharina.Brotherson@jbu.edu,Professor,Kinesiology
103,Loree,Randene,Loree.Randene@jbu.edu,Professor,Politics
104,Rebeca,Chobot,Rebeca.Chobot@jbu.edu,Student,Politics
105,Elsie,Ackerley,Elsie.Ackerley@jbu.edu,Applicant,Kinesiology
106,Micheline,Barney,Micheline.Barney@jbu.edu,Professor,Engineering
107,Krystle,Wenoa,Krystle.Wenoa@jbu.edu,Professor,Sciences
108,Tomasina,Baudin,Tomasina.Baudin@jbu.edu,Employee,Engineering
109,Olwen,Garek,Olwen.Garek@jbu.edu,Employee,Sciences
110,Rani,Keily,Rani.Keily@jbu.edu,Applicant,Business
111,Edyth,Noelyn,Edyth.Noelyn@jbu.edu,Applicant,Computer Science
112,Tybie,Peonir,Tybie.Peonir@jbu.edu,Professor,Mathematics
113,Allyce,Abbot,Allyce.Abbot@jbu.edu,Professor,Mathematics
114,Antonietta,Rad,Antonietta.Rad@jbu.edu,Professor,Nursing
115,Malina,Delacourt,Malina.Delacourt@jbu.edu,Professor,Religion
116,Fredericka,Anton,Fredericka.Anton@jbu.edu,Student,Business
117,Elmira,Aldric,Elmira.Aldric@jbu.edu,Applicant,Business
118,Jean,Kenwood,Jean.Kenwood@jbu.edu,Student,Sciences
119,Zaria,Yam,Zaria.Yam@jbu.edu,Applicant,Politics
120,Dianemarie,Ciro,Dianemarie.Ciro@jbu.edu,Professor,Nursing
121,Claresta,Nea,Claresta.Nea@jbu.edu,Professor,Business
122,Dorthy,Pond,Dorthy.Pond@jbu.edu,Employee,Sciences
123,Rebeca,Colyer,Rebeca.Colyer@jbu.edu,Professor,Mathematics
124,Joane,Isacco,Joane.Isacco@jbu.edu,Applicant,Nursing
125,Kelly,Weide,Kelly.Weide@jbu.edu,Applicant,Computer Science
126,Frances,Malvino,Frances.Malvino@jbu.edu,Employee,Sciences
127,Meghann,Toor,Meghann.Toor@jbu.edu,Applicant,Nursing
128,Isa,Ambrosia,Isa.Ambrosia@jbu.edu,Student,Kinesiology
129,Doro,Scammon,Doro.Scammon@jbu.edu,Professor,Business
130,Olwen,Sundin,Olwen.Sundin@jbu.edu,Student,Mathematics
131,Aaren,Presber,Aaren.Presber@jbu.edu,Student,Politics
132,Dominga,Quinn,Dominga.Quinn@jbu.edu,Professor,Business
133,Chandra,Stephie,Chandra.Stephie@jbu.edu,Professor,Nursing
134,Winifred,Henebry,Winifred.Henebry@jbu.edu,Professor,Engineering
135,Cherrita,Chaing,Cherrita.Chaing@jbu.edu,Employee,Business
136,Starla,Syd,Starla.Syd@jbu.edu,Applicant,Engineering
137,Marti,Saree,Marti.Saree@jbu.edu,Applicant,Politics
138,Florie,Chandler,Florie.Chandler@jbu.edu,Professor,Mathematics
139,Consuela,Fabiola,Consuela.Fabiola@jbu.edu,Applicant,Religion
140,Carol-Jean,Alwin,Carol-Jean.Alwin@jbu.edu,Student,Politics
141,Jacenta,Rona,Jacenta.Rona@jbu.edu,Student,Sciences
142,Constance,Turne,Constance.Turne@jbu.edu,Applicant,Politics
143,Ana,Lacombe,Ana.Lacombe@jbu.edu,Employee,Politics
144,Lizzie,Mauer,Lizzie.Mauer@jbu.edu,Applicant,Nursing
145,Nonnah,Orelee,Nonnah.Orelee@jbu.edu,Professor,Kinesiology
146,Renae,Sancho,Renae.Sancho@jbu.edu,Employee,Engineering
147,Kore,Reinke,Kore.Reinke@jbu.edu,Professor,Religion
148,Cindelyn,Bashemeth,Cindelyn.Bashemeth@jbu.edu,Student,Mathematics
149,Carlie,Mandler,Carlie.Mandler@jbu.edu,Applicant,Mathematics
150,Daryl,Riva,Daryl.Riva@jbu.edu,Professor,Mathematics
151,Alia,Orpah,Alia.Orpah@jbu.edu,Student,Mathematics
152,Joleen,Dulciana,Joleen.Dulciana@jbu.edu,Student,Business
153,Viki,Kress,Viki.Kress@jbu.edu,Applicant,Nursing
154,Chere,Cottle,Chere.Cottle@jbu.edu,Student,Politics
155,Bibby,Shuler,Bibby.Shuler@jbu.edu,Applicant,Kinesiology
156,Beatriz,Peti,Beatriz.Peti@jbu.edu,Employee,Kinesiology
157,Sean,Teddman,Sean.Teddman@jbu.edu,Professor,Sciences
158,Aeriela,Dituri,Aeriela.Dituri@jbu.edu,Professor,Mathematics
159,Jolyn,Klemperer,Jolyn.Klemperer@jbu.edu,Professor,Religion
160,Binny,Annabella,Binny.Annabella@jbu.edu,Employee,Politics
161,Phedra,Damarra,Phedra.Damarra@jbu.edu,Employee,Kinesiology
162,Jean,Ries,Jean.Ries@jbu.edu,Employee,Computer Science
163,Karlee,Karna,Karlee.Karna@jbu.edu,Professor,Business
164,Shirlee,Harned,Shirlee.Harned@jbu.edu,Professor,Sciences
165,Basia,Bultman,Basia.Bultman@jbu.edu,Student,Politics
166,Raina,Hirsch,Raina.Hirsch@jbu.edu,Employee,Kinesiology
167,Glenda,Erskine,Glenda.Erskine@jbu.edu,Employee,Religion
168,Alyssa,Beebe,Alyssa.Beebe@jbu.edu,Employee,Business
169,Alyssa,Gemini,Alyssa.Gemini@jbu.edu,Applicant,Kinesiology
170,Daune,Jammal,Daune.Jammal@jbu.edu,Student,Nursing
171,Morganica,Buckler,Morganica.Buckler@jbu.edu,Applicant,Religion
172,Merci,Deegan,Merci.Deegan@jbu.edu,Professor,Sciences
173,Annora,Brunell,Annora.Brunell@jbu.edu,Professor,Business
174,Agnese,Afton,Agnese.Afton@jbu.edu,Employee,Mathematics
175,Esmeralda,Blisse,Esmeralda.Blisse@jbu.edu,Student,Business
176,Siana,McGrody,Siana.McGrody@jbu.edu,Employee,Nursing
177,Danny,Rosette,Danny.Rosette@jbu.edu,Employee,Nursing
178,Brandise,Katrine,Brandise.Katrine@jbu.edu,Employee,Kinesiology
179,Leontine,Strephon,Leontine.Strephon@jbu.edu,Student,Computer Science
180,Morganica,Zrike,Morganica.Zrike@jbu.edu,Professor,Sciences
181,Paulita,Roumell,Paulita.Roumell@jbu.edu,Professor,Kinesiology
182,Carree,Atcliffe,Carree.Atcliffe@jbu.edu,Professor,Kinesiology
183,Loree,Bury,Loree.Bury@jbu.edu,Applicant,Computer Science
184,Joy,Wilona,Joy.Wilona@jbu.edu,Student,Politics
185,Peri,Fitzsimmons,Peri.Fitzsimmons@jbu.edu,Professor,Sciences
186,Robinia,Howlyn,Robinia.Howlyn@jbu.edu,Professor,Politics
187,Cacilie,Dosia,Cacilie.Dosia@jbu.edu,Professor,Engineering
188,Roseline,Roscoe,Roseline.Roscoe@jbu.edu,Applicant,Business
189,Cyndie,Granoff,Cyndie.Granoff@jbu.edu,Applicant,Engineering
190,Carilyn,Cottle,Carilyn.Cottle@jbu.edu,Student,Computer Science
191,Justinn,Granoff,Justinn.Granoff@jbu.edu,Student,Kinesiology
192,Basia,Artie,Basia.Artie@jbu.edu,Professor,Sciences
193,Deane,Lytton,Deane.Lytton@jbu.edu,Professor,Business
194,Sue,Cullin,Sue.Cullin@jbu.edu,Student,Politics
195,Jan,Vary,Jan.Vary@jbu.edu,Professor,Business
196,Susette,Leler,Susette.Leler@jbu.edu,Applicant,Mathematics
197,Lorenza,Iaverne,Lorenza.Iaverne@jbu.edu,Employee,Mathematics
198,Ginnie,Ortrude,Ginnie.Ortrude@jbu.edu,Applicant,Engineering
199,Ginnie,Drisko,Ginnie.Drisko@jbu.edu,Student,Business
200,Olivette,Ovid,Olivette.Ovid@jbu.edu,Employee,Religion
201,Kenna,Heidt,Kenna.Heidt@jbu.edu,Employee,Religion
202,Stephanie,Christine,Stephanie.Christine@jbu.edu,Employee,Kinesiology
203,Concettina,Christal,Concettina.Christal@jbu.edu,Student,Computer Science
204,Lulita,Nance,Lulita.Nance@jbu.edu,Employee,Politics
205,Almeta,Allys,Almeta.Allys@jbu.edu,Applicant,Mathematics
206,Rosaline,Moseley,Rosaline.Moseley@jbu.edu,Professor,Nursing
207,Bernie,Nisbet,Bernie.Nisbet@jbu.edu,Student,Politics
208,Amara,Vivle,Amara.Vivle@jbu.edu,Applicant,Engineering
209,Mallory,Kristi,Mallory.Kristi@jbu.edu,Applicant,Engineering
210,Alex,Gale,Alex.Gale@jbu.edu,Student,Business
211,Ardys,Granoff,Ardys.Granoff@jbu.edu,Professor,Sciences
212,Jennica,Nance,Jennica.Nance@jbu.edu,Student,Mathematics
213,Misha,Fitzsimmons,Misha.Fitzsimmons@jbu.edu,Applicant,Politics
214,Gianina,Cristi,Gianina.Cristi@jbu.edu,Employee,Kinesiology
215,Xylina,Ajay,Xylina.Ajay@jbu.edu,Employee,Politics
216,Jessy,Primalia,Jessy.Primalia@jbu.edu,Student,Mathematics
217,Susette,Charity,Susette.Charity@jbu.edu,Employee,Business
218,Marnia,Ehrman,Marnia.Ehrman@jbu.edu,Professor,Mathematics
219,Dorothy,Maryanne,Dorothy.Maryanne@jbu.edu,Professor,Politics
220,Helena,Sinegold,Helena.Sinegold@jbu.edu,Professor,Religion
221,Doralynne,Prouty,Doralynne.Prouty@jbu.edu,Applicant,Engineering
222,Adriana,Klemperer,Adriana.Klemperer@jbu.edu,Professor,Nursing
223,Sheelagh,Grimbly,Sheelagh.Grimbly@jbu.edu,Professor,Kinesiology
224,Annice,Warthman,Annice.Warthman@jbu.edu,Student,Engineering
225,Merry,Gerge,Merry.Gerge@jbu.edu,Employee,Business
226,Lulita,Gahl,Lulita.Gahl@jbu.edu,Applicant,Politics
227,Halette,Riva,Halette.Riva@jbu.edu,Student,Business
228,Kristan,Maxi,Kristan.Maxi@jbu.edu,Employee,Nursing
229,Ilse,Sholley,Ilse.Sholley@jbu.edu,Employee,Politics
230,Sibella,Chesna,Sibella.Chesna@jbu.edu,Employee,Mathematics
231,Aryn,Podvin,Aryn.Podvin@jbu.edu,Employee,Business
232,Chickie,Orpah,Chickie.Orpah@jbu.edu,Employee,Religion
233,Giustina,Brittani,Giustina.Brittani@jbu.edu,Student,Religion
234,Gusty,Carmena,Gusty.Carmena@jbu.edu,Professor,Mathematics
235,Nelle,Vastah,Nelle.Vastah@jbu.edu,Employee,Mathematics
236,Rozele,Heidt,Rozele.Heidt@jbu.edu,Student,Sciences
237,Petronia,Denis,Petronia.Denis@jbu.edu,Employee,Engineering
238,Lisette,Sandye,Lisette.Sandye@jbu.edu,Employee,Sciences
239,Minne,Afton,Minne.Afton@jbu.edu,Employee,Religion
240,Marleah,Joni,Marleah.Joni@jbu.edu,Employee,Religion
241,Rani,Lilybelle,Rani.Lilybelle@jbu.edu,Professor,Mathematics
242,Sarette,Hazlett,Sarette.Hazlett@jbu.edu,Professor,Sciences
243,Jasmina,Merat,Jasmina.Merat@jbu.edu,Employee,Computer Science
244,Cecile,Alarise,Cecile.Alarise@jbu.edu,Student,Mathematics
245,Eve,Edison,Eve.Edison@jbu.edu,Student,Nursing
246,Eve,Ailyn,Eve.Ailyn@jbu.edu,Professor,Computer Science
247,Brana,Ludewig,Brana.Ludewig@jbu.edu,Student,Sciences
248,Pollyanna,Orelee,Pollyanna.Orelee@jbu.edu,Professor,Sciences
249,Lorenza,Niles,Lorenza.Niles@jbu.edu,Professor,Politics
250,Coral,Gavrila,Coral.Gavrila@jbu.edu,Applicant,Religion
251,Sharai,Maxi,Sharai.Maxi@jbu.edu,Student,Computer Science
252,Alexine,Stelle,Alexine.Stelle@jbu.edu,Student,Religion
253,Arabel,Westphal,Arabel.Westphal@jbu.edu,Applicant,Politics
254,Tabbatha,Sprage,Tabbatha.Sprage@jbu.edu,Professor,Nursing
255,Lorie,Knowling,Lorie.Knowling@jbu.edu,Employee,Politics
256,Neila,Chobot,Neila.Chobot@jbu.edu,Student,Politics
257,Bee,Kirbee,Bee.Kirbee@jbu.edu,Applicant,Religion
258,Desirae,Susannah,Desirae.Susannah@jbu.edu,Student,Kinesiology
259,Sibella,Gombach,Sibella.Gombach@jbu.edu,Professor,Nursing
260,Charmaine,Cornelia,Charmaine.Cornelia@jbu.edu,Student,Business
261,Lindie,Laverne,Lindie.Laverne@jbu.edu,Applicant,Mathematics
262,Carilyn,Killigrew,Carilyn.Killigrew@jbu.edu,Professor,Computer Science
263,Julieta,Nikaniki,Julieta.Nikaniki@jbu.edu,Employee,Computer Science
264,Margette,Lunsford,Margette.Lunsford@jbu.edu,Student,Kinesiology
265,Amara,Gwenore,Amara.Gwenore@jbu.edu,Employee,Computer Science
266,Ashlee,Gaulin,Ashlee.Gaulin@jbu.edu,Professor,Sciences
267,Elmira,Allys,Elmira.Allys@jbu.edu,Student,Nursing
268,Edyth,Brotherson,Edyth.Brotherson@jbu.edu,Employee,Politics
269,Beatriz,Ardra,Beatriz.Ardra@jbu.edu,Student,Computer Science
270,Christal,Chauncey,Christal.Chauncey@jbu.edu,Professor,Computer Science
271,Vanessa,Ciapas,Vanessa.Ciapas@jbu.edu,Student,Business
272,Marinna,Francyne,Marinna.Francyne@jbu.edu,Professor,Business
273,Myriam,Elsinore,Myriam.Elsinore@jbu.edu,Applicant,Politics
274,Tamqrah,Kenney,Tamqrah.Kenney@jbu.edu,Applicant,Religion
275,Debee,Sophronia,Debee.Sophronia@jbu.edu,Professor,Religion
276,Marsiella,Berl,Marsiella.Berl@jbu.edu,Applicant,Sciences
277,Malina,Dorcy,Malina.Dorcy@jbu.edu,Employee,Business
278,Anica,Ries,Anica.Ries@jbu.edu,Employee,Nursing
279,Kelly,Bigner,Kelly.Bigner@jbu.edu,Employee,Religion
280,Ruthe,Ader,Ruthe.Ader@jbu.edu,Professor,Politics
281,Meg,Kauppi,Meg.Kauppi@jbu.edu,Applicant,Religion
282,Brandise,Gladstone,Brandise.Gladstone@jbu.edu,Professor,Engineering
283,Maye,Brenn,Maye.Brenn@jbu.edu,Professor,Religion
284,Corly,Orlene,Corly.Orlene@jbu.edu,Student,Kinesiology
285,Leia,Agle,Leia.Agle@jbu.edu,Professor,Sciences
286,Bobbi,Frendel,Bobbi.Frendel@jbu.edu,Student,Politics
287,Imojean,Hanleigh,Imojean.Hanleigh@jbu.edu,Applicant,Mathematics
288,Adelle,Bollay,Adelle.Bollay@jbu.edu,Applicant,Religion
289,Sidoney,Cornelia,Sidoney.Cornelia@jbu.edu,Employee,Business
290,Aurelie,Wenoa,Aurelie.Wenoa@jbu.edu,Employee,Sciences
291,Sherrie,Peonir,Sherrie.Peonir@jbu.edu,Applicant,Politics
292,Rosene,Blisse,Rosene.Blisse@jbu.edu,Professor,Nursing
293,Briney,Kesley,Briney.Kesley@jbu.edu,Applicant,Kinesiology
294,Tera,Raul,Tera.Raul@jbu.edu,Professor,Kinesiology
295,Beatriz,Carri,Beatriz.Carri@jbu.edu,Employee,Nursing
296,Barbara,Gavrila,Barbara.Gavrila@jbu.edu,Employee,Computer Science
297,Brianna,Tound,Brianna.Tound@jbu.edu,Applicant,Engineering
298,Gusty,Anton,Gusty.Anton@jbu.edu,Applicant,Sciences
299,Patricia,Dituri,Patricia.Dituri@jbu.edu,Professor,Business
300,Rhoda,Nore,Rhoda.Nore@jbu.edu,Employee,Nursing
301,Maye,Chobot,Maye.Chobot@jbu.edu,Professor,Engineering
302,Darci,Ummersen,Darci.Ummersen@jbu.edu,Employee,Religion
303,Rubie,Kare,Rubie.Kare@jbu.edu,Employee,Mathematics
304,Rhea,Cristi,Rhea.Cristi@jbu.edu,Applicant,Nursing
305,Lanna,Gordon,Lanna.Gordon@jbu.edu,Student,Politics
306,Sue,Prober,Sue.Prober@jbu.edu,Employee,Nursing
307,Florie,Alejoa,Florie.Alejoa@jbu.edu,Professor,Business
308,Rani,Charity,Rani.Charity@jbu.edu,Professor,Mathematics
309,Nannie,Lorenz,Nannie.Lorenz@jbu.edu,Student,Kinesiology
310,Heddie,Carvey,Heddie.Carvey@jbu.edu,Employee,Nursing
311,Coral,Harriman,Coral.Harriman@jbu.edu,Applicant,Sciences
312,Catharine,Read,Catharine.Read@jbu.edu,Applicant,Computer Science
313,Gerrie,Amasa,Gerrie.Amasa@jbu.edu,Employee,Religion
314,Lyssa,Graig,Lyssa.Graig@jbu.edu,Applicant,Kinesiology
315,Frances,Haldas,Frances.Haldas@jbu.edu,Professor,Kinesiology
316,Jean,Burch,Jean.Burch@jbu.edu,Employee,Nursing
317,Sindee,Lalitta,Sindee.Lalitta@jbu.edu,Professor,Kinesiology
318,Cam,Casimir,Cam.Casimir@jbu.edu,Student,Engineering
319,Leontine,Zitvaa,Leontine.Zitvaa@jbu.edu,Employee,Nursing
320,Doro,Nadia,Doro.Nadia@jbu.edu,Applicant,Kinesiology
321,Dominga,Hanshaw,Dominga.Hanshaw@jbu.edu,Student,Religion
322,Tierney,Dex,Tierney.Dex@jbu.edu,Student,Sciences
323,Lelah,Hertzfeld,Lelah.Hertzfeld@jbu.edu,Professor,Nursing
324,Josephine,Meter,Josephine.Meter@jbu.edu,Student,Politics
325,Tera,Suanne,Tera.Suanne@jbu.edu,Applicant,Engineering
326,Tierney,Gilmour,Tierney.Gilmour@jbu.edu,Student,Religion
327,Modestia,Lesley,Modestia.Lesley@jbu.edu,Professor,Sciences
328,Karena,Alva,Karena.Alva@jbu.edu,Professor,Religion
329,Bernardine,Adrienne,Bernardine.Adrienne@jbu.edu,Applicant,Politics
330,Laurene,Olympium,Laurene.Olympium@jbu.edu,Applicant,Computer Science
331,Ida,Forrer,Ida.Forrer@jbu.edu,Student,Engineering
332,Dominga,Capello,Dominga.Capello@jbu.edu,Student,Nursing
333,Anica,Alrich,Anica.Alrich@jbu.edu,Applicant,Computer Science
334,Silvana,Sasnett,Silvana.Sasnett@jbu.edu,Applicant,Religion
335,Ulrike,Wilkinson,Ulrike.Wilkinson@jbu.edu,Employee,Sciences
336,Laurene,Philoo,Laurene.Philoo@jbu.edu,Student,Nursing
337,Nyssa,Ball,Nyssa.Ball@jbu.edu,Employee,Nursing
338,Dawn,Devlen,Dawn.Devlen@jbu.edu,Professor,Kinesiology
339,Myrtice,Weitman,Myrtice.Weitman@jbu.edu,Student,Business
340,Paule,Ovid,Paule.Ovid@jbu.edu,Employee,Nursing
341,Cindelyn,Elsinore,Cindelyn.Elsinore@jbu.edu,Applicant,Religion
342,Mady,Caitlin,Mady.Caitlin@jbu.edu,Applicant,Sciences
343,Lynnea,Brunell,Lynnea.Brunell@jbu.edu,Applicant,Computer Science
344,Dede,Selway,Dede.Selway@jbu.edu,Student,Mathematics
345,Viviene,Caitlin,Viviene.Caitlin@jbu.edu,Professor,Mathematics
346,Aimil,Erminia,Aimil.Erminia@jbu.edu,Employee,Computer Science
347,Dode,Nisbet,Dode.Nisbet@jbu.edu,Professor,Business
348,Vanessa,Baylor,Vanessa.Baylor@jbu.edu,Student,Religion
349,Zondra,Jethro,Zondra.Jethro@jbu.edu,Employee,Engineering
350,Eve,Lia,Eve.Lia@jbu.edu,Employee,Nursing
351,Valera,Behre,Valera.Behre@jbu.edu,Professor,Engineering
352,Jerry,Mich,Jerry.Mich@jbu.edu,Professor,Politics
353,Ursulina,Garrison,Ursulina.Garrison@jbu.edu,Professor,Engineering
354,Dotty,Stoller,Dotty.Stoller@jbu.edu,Applicant,Politics
355,Drucie,Toni,Drucie.Toni@jbu.edu,Professor,Engineering
356,Binny,Jillane,Binny.Jillane@jbu.edu,Employee,Engineering
357,Di,Brotherson,Di.Brotherson@jbu.edu,Student,Mathematics
358,Stephanie,Nea,Stephanie.Nea@jbu.edu,Employee,Mathematics
359,Fawne,Carmena,Fawne.Carmena@jbu.edu,Employee,Computer Science
360,Oralee,Sisile,Oralee.Sisile@jbu.edu,Employee,Politics
361,Sherrie,Curren,Sherrie.Curren@jbu.edu,Applicant,Religion
362,Elka,Ciapas,Elka.Ciapas@jbu.edu,Student,Mathematics
363,Phylis,Si,Phylis.Si@jbu.edu,Professor,Business
364,Kalina,Cohdwell,Kalina.Cohdwell@jbu.edu,Student,Engineering
365,Fredericka,Codding,Fredericka.Codding@jbu.edu,Applicant,Computer Science
366,Madalyn,Sisile,Madalyn.Sisile@jbu.edu,Applicant,Politics
367,Elvira,Darian,Elvira.Darian@jbu.edu,Student,Politics
368,Susette,Sheedy,Susette.Sheedy@jbu.edu,Employee,Nursing
369,Ingrid,Greyson,Ingrid.Greyson@jbu.edu,Employee,Nursing
370,Cyndie,Saint,Cyndie.Saint@jbu.edu,Applicant,Mathematics
371,Teddie,Colleen,Teddie.Colleen@jbu.edu,Professor,Engineering
372,Iseabal,Seagraves,Iseabal.Seagraves@jbu.edu,Employee,Kinesiology
373,Sidoney,Bultman,Sidoney.Bultman@jbu.edu,Professor,Nursing
374,Antonietta,Leonard,Antonietta.Leonard@jbu.edu,Student,Mathematics
375,Karena,Annice,Karena.Annice@jbu.edu,Applicant,Religion
376,Karena,Fleeta,Karena.Fleeta@jbu.edu,Student,Politics
377,Nelle,Weaks,Nelle.Weaks@jbu.edu,Employee,Nursing
378,Chloris,Donell,Chloris.Donell@jbu.edu,Employee,Religion
379,Gratia,Rozanna,Gratia.Rozanna@jbu.edu,Employee,Nursing
380,Edyth,Zeeba,Edyth.Zeeba@jbu.edu,Student,Kinesiology
381,Verla,Frendel,Verla.Frendel@jbu.edu,Student,Politics
382,Bernie,Earlie,Bernie.Earlie@jbu.edu,Student,Politics
383,Corry,Ludewig,Corry.Ludewig@jbu.edu,Applicant,Sciences
384,Fredericka,Gaal,Fredericka.Gaal@jbu.edu,Professor,Mathematics
385,Anestassia,Stefa,Anestassia.Stefa@jbu.edu,Student,Engineering
386,Aimil,Dimitris,Aimil.Dimitris@jbu.edu,Professor,Kinesiology
387,Hettie,Grosz,Hettie.Grosz@jbu.edu,Student,Politics
388,Coral,Remmer,Coral.Remmer@jbu.edu,Student,Computer Science
389,Katuscha,Marlie,Katuscha.Marlie@jbu.edu,Professor,Engineering
390,Lauryn,Norvol,Lauryn.Norvol@jbu.edu,Applicant,Nursing
391,Glynnis,Baylor,Glynnis.Baylor@jbu.edu,Student,Sciences
392,Raf,Brandice,Raf.Brandice@jbu.edu,Professor,Sciences
393,Kittie,Niles,Kittie.Niles@jbu.edu,Student,Politics
394,Jasmina,Delila,Jasmina.Delila@jbu.edu,Student,Politics
395,Jillayne,Guildroy,Jillayne.Guildroy@jbu.edu,Student,Engineering
396,Pamella,Roumell,Pamella.Roumell@jbu.edu,Professor,Religion
397,Blondelle,Adlare,Blondelle.Adlare@jbu.edu,Applicant,Mathematics
398,Noelle,Ferrell,Noelle.Ferrell@jbu.edu,Employee,Sciences
399,Cyndie,Lumbard,Cyndie.Lumbard@jbu.edu,Student,Religion
400,Clarice,Dom,Clarice.Dom@jbu.edu,Employee,Computer Science
401,Daryl,Israeli,Daryl.Israeli@jbu.edu,Applicant,Religion
402,Lauryn,Millda,Lauryn.Millda@jbu.edu,Student,Politics
403,Celene,Atonsah,Celene.Atonsah@jbu.edu,Applicant,Mathematics
404,Merrie,Edvard,Merrie.Edvard@jbu.edu,Applicant,Business
405,Bobinette,Shaddock,Bobinette.Shaddock@jbu.edu,Professor,Engineering
406,Ayn,Duwalt,Ayn.Duwalt@jbu.edu,Professor,Business
407,Leontine,Marden,Leontine.Marden@jbu.edu,Student,Nursing
408,Tabbatha,Decato,Tabbatha.Decato@jbu.edu,Employee,Sciences
409,Cathyleen,Carolin,Cathyleen.Carolin@jbu.edu,Student,Nursing
410,Frances,Graig,Frances.Graig@jbu.edu,Employee,Politics
411,Teddie,Tjon,Teddie.Tjon@jbu.edu,Applicant,Engineering
412,Tomasina,Azeria,Tomasina.Azeria@jbu.edu,Professor,Religion
413,Georgetta,Arvo,Georgetta.Arvo@jbu.edu,Student,Engineering
414,Tarra,Casimir,Tarra.Casimir@jbu.edu,Student,Nursing
415,Berget,Stilwell,Berget.Stilwell@jbu.edu,Applicant,Mathematics
416,Demetris,Santoro,Demetris.Santoro@jbu.edu,Employee,Politics
417,Lanae,Bluh,Lanae.Bluh@jbu.edu,Student,Engineering
418,Emilia,Celestine,Emilia.Celestine@jbu.edu,Professor,Kinesiology
419,Jillayne,Blase,Jillayne.Blase@jbu.edu,Student,Mathematics
420,Binny,Amasa,Binny.Amasa@jbu.edu,Employee,Business
421,Arlena,Raychel,Arlena.Raychel@jbu.edu,Professor,Business
422,Abbie,Cadmar,Abbie.Cadmar@jbu.edu,Professor,Business
423,Gui,Keelia,Gui.Keelia@jbu.edu,Professor,Kinesiology
424,Fred,Tyson,Fred.Tyson@jbu.edu,Professor,Religion
425,Nickie,Willie,Nickie.Willie@jbu.edu,Professor,Engineering
426,Malina,Rosemary,Malina.Rosemary@jbu.edu,Professor,Engineering
427,Chandra,Oneida,Chandra.Oneida@jbu.edu,Student,Kinesiology
428,Roslyn,Gower,Roslyn.Gower@jbu.edu,Applicant,Politics
429,Kaja,Lacombe,Kaja.Lacombe@jbu.edu,Professor,Politics
430,Hayley,Fry,Hayley.Fry@jbu.edu,Applicant,Politics
431,Goldie,Destinee,Goldie.Destinee@jbu.edu,Employee,Kinesiology
432,Berget,Gaal,Berget.Gaal@jbu.edu,Applicant,Religion
433,Giustina,Margarete,Giustina.Margarete@jbu.edu,Student,Computer Science
434,Jaclyn,Millda,Jaclyn.Millda@jbu.edu,Applicant,Politics
435,Kathi,Serilda,Kathi.Serilda@jbu.edu,Student,Mathematics
436,Gretal,Nerita,Gretal.Nerita@jbu.edu,Professor,Kinesiology
437,Kayla,Camden,Kayla.Camden@jbu.edu,Applicant,Sciences
438,Maryellen,Lorenz,Maryellen.Lorenz@jbu.edu,Student,Computer Science
439,Lily,Seligman,Lily.Seligman@jbu.edu,Student,Sciences
440,Lyssa,Ries,Lyssa.Ries@jbu.edu,Professor,Kinesiology
441,Mariann,Armanda,Mariann.Armanda@jbu.edu,Professor,Engineering
442,Nicoli,Oster,Nicoli.Oster@jbu.edu,Applicant,Politics
443,Evita,Hamil,Evita.Hamil@jbu.edu,Employee,Business
444,Kassey,Emanuel,Kassey.Emanuel@jbu.edu,Student,Engineering
445,Clary,Jotham,Clary.Jotham@jbu.edu,Employee,Mathematics
446,Katleen,Burnside,Katleen.Burnside@jbu.edu,Student,Engineering
447,Philis,Shields,Philis.Shields@jbu.edu,Applicant,Politics
448,Nariko,Chick,Nariko.Chick@jbu.edu,Applicant,Nursing
449,Queenie,Rubie,Queenie.Rubie@jbu.edu,Applicant,Mathematics
450,Lusa,Fulmer,Lusa.Fulmer@jbu.edu,Applicant,Nursing
451,Kassey,Tiffa,Kassey.Tiffa@jbu.edu,Student,Business
452,Anica,Thar,Anica.Thar@jbu.edu,Applicant,Politics
453,Zondra,Grobe,Zondra.Grobe@jbu.edu,Student,Computer Science
454,Sabina,Edvard,Sabina.Edvard@jbu.edu,Employee,Sciences
455,Lucille,Leary,Lucille.Leary@jbu.edu,Professor,Computer Science
456,Rochette,Dalli,Rochette.Dalli@jbu.edu,Employee,Nursing
457,Belinda,Old,Belinda.Old@jbu.edu,Employee,Engineering
458,Violet,Francyne,Violet.Francyne@jbu.edu,Professor,Nursing
459,Oralee,Emerson,Oralee.Emerson@jbu.edu,Employee,Religion
460,Phylis,Lane,Phylis.Lane@jbu.edu,Professor,Sciences
461,Olwen,Madelene,Olwen.Madelene@jbu.edu,Student,Business
462,Dominga,Tengdin,Dominga.Tengdin@jbu.edu,Applicant,Nursing
463,Brana,Reidar,Brana.Reidar@jbu.edu,Applicant,Religion
464,Jenda,Giule,Jenda.Giule@jbu.edu,Applicant,Sciences
465,Ursulina,Lewes,Ursulina.Lewes@jbu.edu,Applicant,Religion
466,Chastity,Yorick,Chastity.Yorick@jbu.edu,Employee,Business
467,Alexine,Audly,Alexine.Audly@jbu.edu,Applicant,Religion
468,Imojean,Bronk,Imojean.Bronk@jbu.edu,Student,Nursing
469,Stephanie,Engdahl,Stephanie.Engdahl@jbu.edu,Applicant,Business
470,Florencia,Therine,Florencia.Therine@jbu.edu,Student,Business
471,Hallie,Kermit,Hallie.Kermit@jbu.edu,Professor,Religion
472,Evaleen,Lay,Evaleen.Lay@jbu.edu,Employee,Sciences
473,Mariele,Letsou,Mariele.Letsou@jbu.edu,Employee,Engineering
474,Albertina,Neva,Albertina.Neva@jbu.edu,Employee,Religion
475,Kaja,Bates,Kaja.Bates@jbu.edu,Employee,Sciences
476,Leeanne,Dudley,Leeanne.Dudley@jbu.edu,Professor,Politics
477,Dotty,Sprage,Dotty.Sprage@jbu.edu,Student,Sciences
478,Mathilda,McLaughlin,Mathilda.McLaughlin@jbu.edu,Employee,Computer Science
479,Corene,Harned,Corene.Harned@jbu.edu,Applicant,Business
480,Gloria,Suzetta,Gloria.Suzetta@jbu.edu,Professor,Business
481,Henriette,Lorenz,Henriette.Lorenz@jbu.edu,Professor,Business
482,Leanna,Infield,Leanna.Infield@jbu.edu,Professor,Business
483,Carly,Ricki,Carly.Ricki@jbu.edu,Professor,Sciences
484,Etta,Arne,Etta.Arne@jbu.edu,Applicant,Religion
485,Caryl,Zrike,Caryl.Zrike@jbu.edu,Employee,Computer Science
486,Nicoli,Lumbard,Nicoli.Lumbard@jbu.edu,Applicant,Kinesiology
487,Penelopa,Schwejda,Penelopa.Schwejda@jbu.edu,Applicant,Business
488,Amii,Riordan,Amii.Riordan@jbu.edu,Student,Kinesiology
489,Elyssa,Selway,Elyssa.Selway@jbu.edu,Employee,Computer Science
490,Marsiella,Longfellow,Marsiella.Longfellow@jbu.edu,Student,Nursing
491,Pierette,Cyrie,Pierette.Cyrie@jbu.edu,Professor,Mathematics
492,Eadie,Atonsah,Eadie.Atonsah@jbu.edu,Applicant,Mathematics
493,Jenda,Maisey,Jenda.Maisey@jbu.edu,Student,Nursing
494,Zsa Zsa,My,Zsa Zsa.My@jbu.edu,Applicant,Business
495,Joeann,Lacombe,Joeann.Lacombe@jbu.edu,Professor,Mathematics
496,Raf,Lucienne,Raf.Lucienne@jbu.edu,Professor,Kinesiology
497,Elora,Sprage,Elora.Sprage@jbu.edu,Employee,Mathematics
498,Kellen,Carleen,Kellen.Carleen@jbu.edu,Applicant,Mathematics
499,Collen,Schalles,Collen.Schalles@jbu.edu,Student,Nursing
500,Peri,Seagraves,Peri.Seagraves@jbu.edu,Professor,Kinesiology
501,Corene,Brittani,Corene.Brittani@jbu.edu,Professor,Kinesiology
502,Yetty,Arley,Yetty.Arley@jbu.edu,Applicant,Business
503,Collen,Lane,Collen.Lane@jbu.edu,Student,Business
504,Rubie,Redmond,Rubie.Redmond@jbu.edu,Applicant,Politics
505,Shell,Paton,Shell.Paton@jbu.edu,Applicant,Mathematics
506,Jessy,Yoko,Jessy.Yoko@jbu.edu,Employee,Politics
507,Brana,Nea,Brana.Nea@jbu.edu,Employee,Nursing
508,Oralee,Morrill,Oralee.Morrill@jbu.edu,Professor,Business
509,Kimberley,Stelle,Kimberley.Stelle@jbu.edu,Applicant,Politics
510,Valli,Wilkinson,Valli.Wilkinson@jbu.edu,Student,Sciences
511,Cordi,LaRue,Cordi.LaRue@jbu.edu,Student,Business
512,Gerrie,Cassius,Gerrie.Cassius@jbu.edu,Applicant,Business
513,Aurelie,Gerge,Aurelie.Gerge@jbu.edu,Student,Engineering
514,Corene,Rad,Corene.Rad@jbu.edu,Applicant,Business
515,Sara-Ann,Love,Sara-Ann.Love@jbu.edu,Applicant,Religion
516,Konstance,Codding,Konstance.Codding@jbu.edu,Employee,Nursing
517,Vonny,Carbo,Vonny.Carbo@jbu.edu,Employee,Sciences
518,Myriam,Fairweather,Myriam.Fairweather@jbu.edu,Professor,Kinesiology
519,Jordan,Zetta,Jordan.Zetta@jbu.edu,Employee,Computer Science
520,Starla,Fairweather,Starla.Fairweather@jbu.edu,Applicant,Sciences
521,Hildegaard,Kelula,Hildegaard.Kelula@jbu.edu,Applicant,Computer Science
522,Lexine,Plato,Lexine.Plato@jbu.edu,Professor,Kinesiology
523,Orsola,Dalli,Orsola.Dalli@jbu.edu,Student,Nursing
524,Gretal,Bronk,Gretal.Bronk@jbu.edu,Student,Mathematics
525,Dotty,Millda,Dotty.Millda@jbu.edu,Student,Religion
526,Joy,Juliet,Joy.Juliet@jbu.edu,Professor,Kinesiology
527,Betta,Roarke,Betta.Roarke@jbu.edu,Student,Politics
528,Donnie,Jefferey,Donnie.Jefferey@jbu.edu,Professor,Religion
529,Taffy,Hamil,Taffy.Hamil@jbu.edu,Applicant,Politics
530,Rayna,Kirstin,Rayna.Kirstin@jbu.edu,Professor,Kinesiology
531,Kassey,Liva,Kassey.Liva@jbu.edu,Professor,Nursing
532,Rhoda,Penelopa,Rhoda.Penelopa@jbu.edu,Professor,Business
533,Babita,Deny,Babita.Deny@jbu.edu,Professor,Mathematics
534,Christal,Jethro,Christal.Jethro@jbu.edu,Professor,Nursing
535,Letizia,Adlare,Letizia.Adlare@jbu.edu,Applicant,Religion
536,Rosene,Jenness,Rosene.Jenness@jbu.edu,Employee,Business
537,Sheree,Palocz,Sheree.Palocz@jbu.edu,Professor,Mathematics
538,Marguerite,Tamar,Marguerite.Tamar@jbu.edu,Student,Mathematics
539,Elsie,Curren,Elsie.Curren@jbu.edu,Student,Computer Science
540,Ericka,Sabella,Ericka.Sabella@jbu.edu,Applicant,Mathematics
541,Nicoli,Lauraine,Nicoli.Lauraine@jbu.edu,Applicant,Computer Science
542,Romona,Grimbly,Romona.Grimbly@jbu.edu,Applicant,Sciences
543,Doro,Dominy,Doro.Dominy@jbu.edu,Applicant,Computer Science
544,Bernie,Fillbert,Bernie.Fillbert@jbu.edu,Professor,Religion
545,Mallory,Neils,Mallory.Neils@jbu.edu,Applicant,Mathematics
546,Tierney,Pauly,Tierney.Pauly@jbu.edu,Professor,Politics
547,Deloria,Goth,Deloria.Goth@jbu.edu,Professor,Mathematics
548,Jemie,Constancy,Jemie.Constancy@jbu.edu,Student,Sciences
549,Valera,Maisey,Valera.Maisey@jbu.edu,Professor,Mathematics
550,Lynea,Morrill,Lynea.Morrill@jbu.edu,Employee,Nursing
551,Shandie,Moseley,Shandie.Moseley@jbu.edu,Employee,Mathematics
552,Noelle,Narton,Noelle.Narton@jbu.edu,Applicant,Business
553,Jean,Gherardo,Jean.Gherardo@jbu.edu,Professor,Computer Science
554,Jillayne,Federica,Jillayne.Federica@jbu.edu,Professor,Nursing
555,Aaren,Raffo,Aaren.Raffo@jbu.edu,Applicant,Kinesiology
556,Rochette,Ummersen,Rochette.Ummersen@jbu.edu,Employee,Nursing
557,Demetris,Flyn,Demetris.Flyn@jbu.edu,Student,Business
558,Nollie,McAdams,Nollie.McAdams@jbu.edu,Employee,Mathematics
559,Randa,Montgomery,Randa.Montgomery@jbu.edu,Student,Politics
560,Deedee,Vharat,Deedee.Vharat@jbu.edu,Professor,Sciences
561,Sarette,Grobe,Sarette.Grobe@jbu.edu,Professor,Mathematics
562,Reeba,Denis,Reeba.Denis@jbu.edu,Professor,Politics
563,Wendi,Brotherson,Wendi.Brotherson@jbu.edu,Professor,Politics
564,Dennie,Claudine,Dennie.Claudine@jbu.edu,Employee,Mathematics
565,Elie,Barbey,Elie.Barbey@jbu.edu,Student,Nursing
566,Alexine,Solitta,Alexine.Solitta@jbu.edu,Applicant,Religion
567,Margarette,Tyson,Margarette.Tyson@jbu.edu,Employee,Politics
568,Robinia,Chem,Robinia.Chem@jbu.edu,Professor,Religion
569,Jsandye,Etom,Jsandye.Etom@jbu.edu,Professor,Computer Science
570,Riannon,Madox,Riannon.Madox@jbu.edu,Professor,Religion
571,Noelle,Diann,Noelle.Diann@jbu.edu,Employee,Engineering
572,Karena,Alejoa,Karena.Alejoa@jbu.edu,Applicant,Mathematics
573,Rhea,Berriman,Rhea.Berriman@jbu.edu,Professor,Nursing
574,Wanda,Denis,Wanda.Denis@jbu.edu,Student,Computer Science
575,Tobe,Ashely,Tobe.Ashely@jbu.edu,Employee,Politics
576,Livvyy,Stanwood,Livvyy.Stanwood@jbu.edu,Applicant,Computer Science
577,Angelique,Cordi,Angelique.Cordi@jbu.edu,Student,Kinesiology
578,Dode,Shields,Dode.Shields@jbu.edu,Employee,Kinesiology
579,Lizzie,Gwenore,Lizzie.Gwenore@jbu.edu,Professor,Engineering
580,Sabina,Imelida,Sabina.Imelida@jbu.edu,Employee,Engineering
581,Clo,Kat,Clo.Kat@jbu.edu,Employee,Sciences
582,Marita,Chapland,Marita.Chapland@jbu.edu,Employee,Mathematics
583,Karolina,Berard,Karolina.Berard@jbu.edu,Applicant,Religion
584,Marsiella,Alarise,Marsiella.Alarise@jbu.edu,Professor,Sciences
585,Sara-Ann,Ardeha,Sara-Ann.Ardeha@jbu.edu,Student,Religion
586,Viviene,Jethro,Viviene.Jethro@jbu.edu,Student,Kinesiology
587,Tressa,Camden,Tressa.Camden@jbu.edu,Professor,Nursing
588,Tracey,Zola,Tracey.Zola@jbu.edu,Employee,Engineering
589,Bettine,Hull,Bettine.Hull@jbu.edu,Professor,Mathematics
590,Babita,Adrienne,Babita.Adrienne@jbu.edu,Student,Business
591,Lory,Wyn,Lory.Wyn@jbu.edu,Employee,Mathematics
592,Romona,Friede,Romona.Friede@jbu.edu,Student,Mathematics
593,Gwyneth,Dermott,Gwyneth.Dermott@jbu.edu,Student,Engineering
594,Luci,Reneta,Luci.Reneta@jbu.edu,Student,Nursing
595,Shannah,Ummersen,Shannah.Ummersen@jbu.edu,Professor,Kinesiology
596,Marti,Rese,Marti.Rese@jbu.edu,Applicant,Kinesiology
597,Sophia,Manolo,Sophia.Manolo@jbu.edu,Employee,Religion
598,Karina,Carlson,Karina.Carlson@jbu.edu,Student,Mathematics
599,Annice,Whiffen,Annice.Whiffen@jbu.edu,Applicant,Sciences
600,Ira,Knowling,Ira.Knowling@jbu.edu,Professor,Business
601,Shaylyn,Estella,Shaylyn.Estella@jbu.edu,Employee,Religion
602,Susan,Radu,Susan.Radu@jbu.edu,Professor,Sciences
603,Bettine,Arquit,Bettine.Arquit@jbu.edu,Professor,Sciences
604,Alexine,Ajay,Alexine.Ajay@jbu.edu,Employee,Religion
605,Danny,Manolo,Danny.Manolo@jbu.edu,Student,Mathematics
606,Merry,Latini,Merry.Latini@jbu.edu,Applicant,Sciences
607,Fredericka,Sothena,Fredericka.Sothena@jbu.edu,Employee,Business
608,Tani,Bandeen,Tani.Bandeen@jbu.edu,Employee,Mathematics
609,Margarette,Capello,Margarette.Capello@jbu.edu,Professor,Religion
610,Dania,Hunfredo,Dania.Hunfredo@jbu.edu,Employee,Engineering
611,Phedra,Blase,Phedra.Blase@jbu.edu,Applicant,Kinesiology
612,Elie,Jethro,Elie.Jethro@jbu.edu,Professor,Nursing
613,Katharina,Cloris,Katharina.Cloris@jbu.edu,Student,Politics
614,Jsandye,Zina,Jsandye.Zina@jbu.edu,Employee,Sciences
615,Kary,Waite,Kary.Waite@jbu.edu,Employee,Kinesiology
616,Ruthe,Phyllis,Ruthe.Phyllis@jbu.edu,Student,Kinesiology
617,Amii,Orpah,Amii.Orpah@jbu.edu,Student,Business
618,Stacey,Fillbert,Stacey.Fillbert@jbu.edu,Student,Business
619,Codie,Arne,Codie.Arne@jbu.edu,Student,Sciences
620,Letizia,Bigner,Letizia.Bigner@jbu.edu,Student,Kinesiology
621,Dagmar,Sholley,Dagmar.Sholley@jbu.edu,Applicant,Sciences
622,Perry,Magnolia,Perry.Magnolia@jbu.edu,Employee,Nursing
623,Amara,Estella,Amara.Estella@jbu.edu,Professor,Business
624,Carmencita,Thema,Carmencita.Thema@jbu.edu,Applicant,Kinesiology
625,Vita,Grobe,Vita.Grobe@jbu.edu,Employee,Mathematics
626,Sallie,Darian,Sallie.Darian@jbu.edu,Student,Business
627,Sybille,Mendez,Sybille.Mendez@jbu.edu,Student,Sciences
628,Gerianna,Harday,Gerianna.Harday@jbu.edu,Applicant,Business
629,Larine,Dyche,Larine.Dyche@jbu.edu,Professor,Religion
630,Flory,Obed,Flory.Obed@jbu.edu,Employee,Sciences
631,Darci,Kirstin,Darci.Kirstin@jbu.edu,Student,Nursing
632,Adelle,Melan,Adelle.Melan@jbu.edu,Professor,Nursing
633,Lonnie,Selway,Lonnie.Selway@jbu.edu,Employee,Engineering
634,Averyl,Presber,Averyl.Presber@jbu.edu,Student,Politics
635,Hollie,Lia,Hollie.Lia@jbu.edu,Professor,Sciences
636,Sidoney,Tippets,Sidoney.Tippets@jbu.edu,Applicant,Politics
637,Roberta,Malanie,Roberta.Malanie@jbu.edu,Student,Business
638,Anallese,Wittie,Anallese.Wittie@jbu.edu,Professor,Religion
639,Roseline,Center,Roseline.Center@jbu.edu,Applicant,Politics
640,Sara-Ann,Federica,Sara-Ann.Federica@jbu.edu,Applicant,Sciences
641,Mamie,Wiener,Mamie.Wiener@jbu.edu,Employee,Computer Science
642,Vere,Deny,Vere.Deny@jbu.edu,Applicant,Sciences
643,Mamie,Roscoe,Mamie.Roscoe@jbu.edu,Employee,Kinesiology
644,Tarra,Brieta,Tarra.Brieta@jbu.edu,Employee,Mathematics
645,Fina,Podvin,Fina.Podvin@jbu.edu,Student,Kinesiology
646,Lorenza,Chem,Lorenza.Chem@jbu.edu,Professor,Nursing
647,Talya,Quent,Talya.Quent@jbu.edu,Student,Politics
648,Liana,Holtz,Liana.Holtz@jbu.edu,Applicant,Engineering
649,Britni,Oster,Britni.Oster@jbu.edu,Student,Nursing
650,Siana,Dimitris,Siana.Dimitris@jbu.edu,Applicant,Engineering
651,Carol-Jean,Alabaster,Carol-Jean.Alabaster@jbu.edu,Professor,Engineering
652,Kial,Dom,Kial.Dom@jbu.edu,Applicant,Engineering
653,Marline,Himelman,Marline.Himelman@jbu.edu,Applicant,Religion
654,Desirae,Fadiman,Desirae.Fadiman@jbu.edu,Professor,Computer Science
655,Audrie,Astra,Audrie.Astra@jbu.edu,Student,Kinesiology
656,Kathy,Johanna,Kathy.Johanna@jbu.edu,Applicant,Sciences
657,Nananne,Dorine,Nananne.Dorine@jbu.edu,Applicant,Mathematics
658,Vevay,Lesley,Vevay.Lesley@jbu.edu,Student,Religion
659,Renae,Bryna,Renae.Bryna@jbu.edu,Applicant,Sciences
660,Julieta,Karylin,Julieta.Karylin@jbu.edu,Applicant,Nursing
661,Tilly,Leonard,Tilly.Leonard@jbu.edu,Employee,Politics
662,Amara,Uund,Amara.Uund@jbu.edu,Professor,Computer Science
663,Stacey,Oscar,Stacey.Oscar@jbu.edu,Student,Sciences
664,Siana,Colleen,Siana.Colleen@jbu.edu,Professor,Engineering
665,Shell,Goerke,Shell.Goerke@jbu.edu,Employee,Sciences
666,Lynea,Ingra,Lynea.Ingra@jbu.edu,Applicant,Religion
667,Libbie,Byrne,Libbie.Byrne@jbu.edu,Applicant,Politics
668,Johna,Bigner,Johna.Bigner@jbu.edu,Applicant,Engineering
669,Collen,Odysseus,Collen.Odysseus@jbu.edu,Student,Sciences
670,Noelle,Auberbach,Noelle.Auberbach@jbu.edu,Student,Sciences
671,Lilith,Dielu,Lilith.Dielu@jbu.edu,Employee,Mathematics
672,Cam,Gregrory,Cam.Gregrory@jbu.edu,Professor,Nursing
673,Amalie,Holtz,Amalie.Holtz@jbu.edu,Applicant,Kinesiology
674,Bobbi,Zitvaa,Bobbi.Zitvaa@jbu.edu,Applicant,Religion
675,Alexine,Couture,Alexine.Couture@jbu.edu,Employee,Religion
676,Brynna,Kaja,Brynna.Kaja@jbu.edu,Applicant,Politics
677,Edith,Sharl,Edith.Sharl@jbu.edu,Applicant,Computer Science
678,Jacenta,Aprile,Jacenta.Aprile@jbu.edu,Applicant,Mathematics
679,Deirdre,Fink,Deirdre.Fink@jbu.edu,Student,Engineering
680,Clarice,Idelia,Clarice.Idelia@jbu.edu,Student,Engineering
681,Sue,Hanleigh,Sue.Hanleigh@jbu.edu,Professor,Business
682,Phylis,Hewitt,Phylis.Hewitt@jbu.edu,Employee,Nursing
683,Jacenta,Christal,Jacenta.Christal@jbu.edu,Professor,Nursing
684,Gilligan,Even,Gilligan.Even@jbu.edu,Professor,Kinesiology
685,Lesly,Magnolia,Lesly.Magnolia@jbu.edu,Applicant,Business
686,Jessy,Tufts,Jessy.Tufts@jbu.edu,Professor,Engineering
687,Juliane,Sperling,Juliane.Sperling@jbu.edu,Student,Kinesiology
688,Ida,Hanleigh,Ida.Hanleigh@jbu.edu,Student,Sciences
689,Lanae,Noam,Lanae.Noam@jbu.edu,Applicant,Kinesiology
690,Ofilia,Prober,Ofilia.Prober@jbu.edu,Professor,Sciences
691,Abbie,Bryna,Abbie.Bryna@jbu.edu,Student,Religion
692,Jere,Luhe,Jere.Luhe@jbu.edu,Applicant,Engineering
693,Norine,Knowling,Norine.Knowling@jbu.edu,Student,Nursing
694,Marcy,Hortensia,Marcy.Hortensia@jbu.edu,Applicant,Engineering
695,Desirae,Gombach,Desirae.Gombach@jbu.edu,Student,Engineering
696,Dione,Anderea,Dione.Anderea@jbu.edu,Professor,Engineering
697,Fidelia,Madox,Fidelia.Madox@jbu.edu,Student,Business
698,Marguerite,Amasa,Marguerite.Amasa@jbu.edu,Professor,Politics
699,Lorenza,Trace,Lorenza.Trace@jbu.edu,Professor,Politics
700,Kelly,Karylin,Kelly.Karylin@jbu.edu,Professor,Engineering
701,Tami,Shelba,Tami.Shelba@jbu.edu,Student,Sciences
702,Marjie,Cutlerr,Marjie.Cutlerr@jbu.edu,Professor,Politics
703,Lita,Jillane,Lita.Jillane@jbu.edu,Student,Sciences
704,Daphne,Dermott,Daphne.Dermott@jbu.edu,Professor,Business
705,Kamilah,Vary,Kamilah.Vary@jbu.edu,Applicant,Nursing
706,Jenda,Chobot,Jenda.Chobot@jbu.edu,Applicant,Kinesiology
707,Elena,Wesle,Elena.Wesle@jbu.edu,Applicant,Engineering
708,Tomasina,Bebe,Tomasina.Bebe@jbu.edu,Employee,Computer Science
709,Sharai,Myrilla,Sharai.Myrilla@jbu.edu,Employee,Sciences
710,Katuscha,Ball,Katuscha.Ball@jbu.edu,Applicant,Nursing
711,Addia,Adore,Addia.Adore@jbu.edu,Employee,Engineering
712,Demetris,Jarib,Demetris.Jarib@jbu.edu,Professor,Kinesiology
713,Brooks,Weaks,Brooks.Weaks@jbu.edu,Professor,Engineering
714,June,Anderea,June.Anderea@jbu.edu,Employee,Computer Science
715,Veda,Shields,Veda.Shields@jbu.edu,Employee,Politics
716,Ingrid,Bibi,Ingrid.Bibi@jbu.edu,Professor,Politics
717,Silvana,Kylander,Silvana.Kylander@jbu.edu,Professor,Engineering
718,Millie,Braun,Millie.Braun@jbu.edu,Employee,Kinesiology
719,Alyssa,Friede,Alyssa.Friede@jbu.edu,Professor,Engineering
720,Tersina,Dorine,Tersina.Dorine@jbu.edu,Employee,Kinesiology
721,Sarette,Lucienne,Sarette.Lucienne@jbu.edu,Student,Kinesiology
722,Dawn,Hertzfeld,Dawn.Hertzfeld@jbu.edu,Student,Computer Science
723,Aeriela,Lunsford,Aeriela.Lunsford@jbu.edu,Student,Mathematics
724,Caressa,Vins,Caressa.Vins@jbu.edu,Employee,Mathematics
725,Jolyn,Adlare,Jolyn.Adlare@jbu.edu,Student,Politics
726,Ofilia,Love,Ofilia.Love@jbu.edu,Employee,Religion
727,Kittie,Bettine,Kittie.Bettine@jbu.edu,Applicant,Engineering
728,Cyb,Harned,Cyb.Harned@jbu.edu,Employee,Kinesiology
729,Sadie,Melan,Sadie.Melan@jbu.edu,Professor,Business
730,Rozele,Thilda,Rozele.Thilda@jbu.edu,Employee,Religion
731,Judy,Kaja,Judy.Kaja@jbu.edu,Professor,Nursing
732,Caritta,Brady,Caritta.Brady@jbu.edu,Applicant,Engineering
733,Bill,Suanne,Bill.Suanne@jbu.edu,Student,Sciences
734,Selma,Charmine,Selma.Charmine@jbu.edu,Employee,Mathematics
735,Ingrid,Matthew,Ingrid.Matthew@jbu.edu,Applicant,Engineering
736,Kara-Lynn,Pascia,Kara-Lynn.Pascia@jbu.edu,Professor,Kinesiology
737,Anthia,Sharl,Anthia.Sharl@jbu.edu,Professor,Engineering
738,Halette,Ventre,Halette.Ventre@jbu.edu,Applicant,Computer Science
739,Marcy,Iiette,Marcy.Iiette@jbu.edu,Applicant,Business
740,Monika,Abram,Monika.Abram@jbu.edu,Student,Religion
741,Danny,Stuart,Danny.Stuart@jbu.edu,Professor,Nursing
742,Sabina,Kimmie,Sabina.Kimmie@jbu.edu,Employee,Engineering
743,Mahalia,Sidonius,Mahalia.Sidonius@jbu.edu,Student,Religion
744,Deedee,Arley,Deedee.Arley@jbu.edu,Student,Computer Science
745,Norine,Rugen,Norine.Rugen@jbu.edu,Employee,Sciences
746,Neila,Juan,Neila.Juan@jbu.edu,Professor,Politics
747,Melina,Bakerman,Melina.Bakerman@jbu.edu,Applicant,Engineering
748,Benita,Brackely,Benita.Brackely@jbu.edu,Employee,Computer Science
749,Carmela,Valoniah,Carmela.Valoniah@jbu.edu,Professor,Business
750,Ericka,Smitt,Ericka.Smitt@jbu.edu,Applicant,Religion
751,Doro,Konyn,Doro.Konyn@jbu.edu,Student,Engineering
752,Lily,Tacye,Lily.Tacye@jbu.edu,Professor,Religion
753,Pearline,Woodberry,Pearline.Woodberry@jbu.edu,Employee,Kinesiology
754,Dorothy,Koehler,Dorothy.Koehler@jbu.edu,Employee,Sciences
755,Ezmeralda,Gemini,Ezmeralda.Gemini@jbu.edu,Student,Business
756,Gilda,Peti,Gilda.Peti@jbu.edu,Professor,Business
757,Vinita,Bari,Vinita.Bari@jbu.edu,Student,Kinesiology
758,Elie,Paine,Elie.Paine@jbu.edu,Employee,Mathematics
759,Justinn,Francene,Justinn.Francene@jbu.edu,Professor,Nursing
760,Mary,Raseda,Mary.Raseda@jbu.edu,Employee,Computer Science
761,Sharai,Carbo,Sharai.Carbo@jbu.edu,Employee,Mathematics
762,Nicoli,Allina,Nicoli.Allina@jbu.edu,Employee,Business
763,Rhoda,Caitlin,Rhoda.Caitlin@jbu.edu,Professor,Nursing
764,Kayla,Tarrant,Kayla.Tarrant@jbu.edu,Professor,Kinesiology
765,Mellicent,Gillan,Mellicent.Gillan@jbu.edu,Employee,Engineering
766,Krystle,Mitzi,Krystle.Mitzi@jbu.edu,Employee,Kinesiology
767,Kaja,Tjon,Kaja.Tjon@jbu.edu,Employee,Business
768,Christal,Oriana,Christal.Oriana@jbu.edu,Student,Politics
769,Tierney,Leffen,Tierney.Leffen@jbu.edu,Professor,Kinesiology
770,Tani,Daegal,Tani.Daegal@jbu.edu,Professor,Nursing
771,Marylou,Wu,Marylou.Wu@jbu.edu,Employee,Computer Science
772,Brynna,Bethany,Brynna.Bethany@jbu.edu,Applicant,Nursing
773,Dulce,Belanger,Dulce.Belanger@jbu.edu,Applicant,Mathematics
774,Peri,Skell,Peri.Skell@jbu.edu,Applicant,Nursing
775,Tiffie,Socha,Tiffie.Socha@jbu.edu,Student,Mathematics
776,Heddie,Wadell,Heddie.Wadell@jbu.edu,Professor,Engineering
777,Harrietta,Parsaye,Harrietta.Parsaye@jbu.edu,Student,Religion
778,Nyssa,Sabella,Nyssa.Sabella@jbu.edu,Student,Nursing
779,Nataline,Goerke,Nataline.Goerke@jbu.edu,Applicant,Engineering
780,Janey,Bethany,Janey.Bethany@jbu.edu,Employee,Religion
781,Marika,Barrus,Marika.Barrus@jbu.edu,Employee,Business
782,Jeanna,Eugenia,Jeanna.Eugenia@jbu.edu,Student,Politics
783,Ayn,Othilia,Ayn.Othilia@jbu.edu,Employee,Nursing
784,Karly,Daveta,Karly.Daveta@jbu.edu,Employee,Nursing
785,Cherrita,Weide,Cherrita.Weide@jbu.edu,Student,Nursing
786,Oralee,Oriana,Oralee.Oriana@jbu.edu,Employee,Computer Science
787,Tybie,Gale,Tybie.Gale@jbu.edu,Applicant,Business
788,Lelah,Ietta,Lelah.Ietta@jbu.edu,Employee,Kinesiology
789,Cacilie,Teddman,Cacilie.Teddman@jbu.edu,Professor,Computer Science
790,Janenna,Travax,Janenna.Travax@jbu.edu,Professor,Religion
791,Tybie,Grosz,Tybie.Grosz@jbu.edu,Employee,Nursing
792,Michaelina,Tillford,Michaelina.Tillford@jbu.edu,Professor,Politics
793,Lucy,Wolfgram,Lucy.Wolfgram@jbu.edu,Applicant,Business
794,Cherilyn,Schalles,Cherilyn.Schalles@jbu.edu,Employee,Computer Science
795,Kathi,Andrel,Kathi.Andrel@jbu.edu,Applicant,Religion
796,Asia,Timon,Asia.Timon@jbu.edu,Professor,Kinesiology
797,Lyssa,Bevin,Lyssa.Bevin@jbu.edu,Applicant,Mathematics
798,Nadine,Glenden,Nadine.Glenden@jbu.edu,Professor,Business
799,Fayre,Sadowski,Fayre.Sadowski@jbu.edu,Professor,Kinesiology
800,Bettine,Vary,Bettine.Vary@jbu.edu,Professor,Kinesiology
801,Micheline,Center,Micheline.Center@jbu.edu,Professor,Nursing
802,Joane,Philipp,Joane.Philipp@jbu.edu,Applicant,Mathematics
803,Sindee,Sasnett,Sindee.Sasnett@jbu.edu,Professor,Nursing
804,Tiffie,Gillan,Tiffie.Gillan@jbu.edu,Professor,Religion
805,Nadine,Craggie,Nadine.Craggie@jbu.edu,Employee,Mathematics
806,Korrie,Reneta,Korrie.Reneta@jbu.edu,Applicant,Business
807,Deane,Stefa,Deane.Stefa@jbu.edu,Professor,Mathematics
808,Genevra,Eiser,Genevra.Eiser@jbu.edu,Professor,Politics
809,Barbi,Beniamino,Barbi.Beniamino@jbu.edu,Professor,Religion
810,Ricky,Cyrie,Ricky.Cyrie@jbu.edu,Student,Computer Science
811,Althea,Cecile,Althea.Cecile@jbu.edu,Applicant,Computer Science
812,Hildegaard,Bronk,Hildegaard.Bronk@jbu.edu,Professor,Business
813,Jasmina,Raimondo,Jasmina.Raimondo@jbu.edu,Professor,Kinesiology
814,Vinita,Mendez,Vinita.Mendez@jbu.edu,Student,Religion
815,Ellette,Jillane,Ellette.Jillane@jbu.edu,Employee,Nursing
816,Briney,Mendez,Briney.Mendez@jbu.edu,Professor,Business
817,Janeczka,Loring,Janeczka.Loring@jbu.edu,Employee,Kinesiology
818,Jacenta,Margret,Jacenta.Margret@jbu.edu,Professor,Religion
819,Molli,Warthman,Molli.Warthman@jbu.edu,Professor,Computer Science
820,Ingrid,Cleavland,Ingrid.Cleavland@jbu.edu,Employee,Business
821,Adelle,Tristram,Adelle.Tristram@jbu.edu,Student,Mathematics
822,Ericka,Malanie,Ericka.Malanie@jbu.edu,Applicant,Sciences
823,Vita,Zetta,Vita.Zetta@jbu.edu,Applicant,Nursing
824,Kial,Neva,Kial.Neva@jbu.edu,Professor,Politics
825,Ardenia,Ader,Ardenia.Ader@jbu.edu,Employee,Engineering
826,Sharlene,Thornburg,Sharlene.Thornburg@jbu.edu,Professor,Mathematics
827,Gusty,Tomasina,Gusty.Tomasina@jbu.edu,Applicant,Business
828,Sibella,Michella,Sibella.Michella@jbu.edu,Professor,Nursing
829,Amii,Rona,Amii.Rona@jbu.edu,Student,Business
830,Althea,Roxanna,Althea.Roxanna@jbu.edu,Professor,Nursing
831,Larine,Clarissa,Larine.Clarissa@jbu.edu,Applicant,Sciences
832,Mignon,Bakerman,Mignon.Bakerman@jbu.edu,Applicant,Sciences
833,Audrie,Gherardo,Audrie.Gherardo@jbu.edu,Employee,Engineering
834,Nananne,Haymes,Nananne.Haymes@jbu.edu,Student,Religion
835,Dorice,Carleen,Dorice.Carleen@jbu.edu,Employee,Religion
836,Christian,Percy,Christian.Percy@jbu.edu,Applicant,Kinesiology
837,Anestassia,Dash,Anestassia.Dash@jbu.edu,Student,Nursing
838,Evaleen,Tjon,Evaleen.Tjon@jbu.edu,Professor,Religion
839,Lenna,Buffum,Lenna.Buffum@jbu.edu,Employee,Computer Science
840,Katharina,Cressida,Katharina.Cressida@jbu.edu,Applicant,Sciences
841,Jorry,Katrine,Jorry.Katrine@jbu.edu,Employee,Nursing
842,Kial,Land,Kial.Land@jbu.edu,Employee,Business
843,Clementine,Ardeha,Clementine.Ardeha@jbu.edu,Professor,Mathematics
844,Mara,Ephrem,Mara.Ephrem@jbu.edu,Professor,Kinesiology
845,Randa,Letsou,Randa.Letsou@jbu.edu,Applicant,Nursing
846,Joeann,Therine,Joeann.Therine@jbu.edu,Applicant,Kinesiology
847,Joy,Noman,Joy.Noman@jbu.edu,Applicant,Mathematics
848,Nelle,Valoniah,Nelle.Valoniah@jbu.edu,Student,Business
849,Alyssa,Dyche,Alyssa.Dyche@jbu.edu,Student,Engineering
850,Annabela,Wenda,Annabela.Wenda@jbu.edu,Employee,Nursing
851,Rhoda,Blake,Rhoda.Blake@jbu.edu,Employee,Politics
852,Corly,Bohlin,Corly.Bohlin@jbu.edu,Applicant,Engineering
853,Lory,Turne,Lory.Turne@jbu.edu,Applicant,Kinesiology
854,Marleah,Bergman,Marleah.Bergman@jbu.edu,Student,Mathematics
855,Kial,Kress,Kial.Kress@jbu.edu,Student,Kinesiology
856,Flory,Paton,Flory.Paton@jbu.edu,Student,Politics
857,Shannah,Old,Shannah.Old@jbu.edu,Employee,Politics
858,Imojean,Billye,Imojean.Billye@jbu.edu,Student,Nursing
859,Grier,Glovsky,Grier.Glovsky@jbu.edu,Employee,Business
860,Alyda,Rooney,Alyda.Rooney@jbu.edu,Applicant,Religion
861,Nonnah,Creamer,Nonnah.Creamer@jbu.edu,Employee,Politics
862,Sean,Cookie,Sean.Cookie@jbu.edu,Student,Mathematics
863,Jemie,Gwenore,Jemie.Gwenore@jbu.edu,Employee,Mathematics
864,Jessamyn,Amasa,Jessamyn.Amasa@jbu.edu,Employee,Computer Science
865,Kelly,Juan,Kelly.Juan@jbu.edu,Student,Nursing
866,Lyssa,Crudden,Lyssa.Crudden@jbu.edu,Professor,Business
867,Viviene,Seligman,Viviene.Seligman@jbu.edu,Student,Politics
868,Bobbi,Prober,Bobbi.Prober@jbu.edu,Student,Computer Science
869,Asia,Frodi,Asia.Frodi@jbu.edu,Professor,Religion
870,Lynea,Eachern,Lynea.Eachern@jbu.edu,Student,Sciences
871,Konstance,Ariella,Konstance.Ariella@jbu.edu,Student,Mathematics
872,Arabel,Himelman,Arabel.Himelman@jbu.edu,Professor,Mathematics
873,Jacquetta,Freddi,Jacquetta.Freddi@jbu.edu,Professor,Kinesiology
874,Agnese,Gilmour,Agnese.Gilmour@jbu.edu,Professor,Religion
875,Damaris,Francyne,Damaris.Francyne@jbu.edu,Student,Engineering
876,Julieta,Alrich,Julieta.Alrich@jbu.edu,Student,Mathematics
877,Orelia,Greenwald,Orelia.Greenwald@jbu.edu,Student,Religion
878,Jenilee,Eldrid,Jenilee.Eldrid@jbu.edu,Applicant,Politics
879,Sharai,Lewes,Sharai.Lewes@jbu.edu,Professor,Religion
880,Zsa Zsa,Zuzana,Zsa Zsa.Zuzana@jbu.edu,Student,Business
881,Dorice,Ries,Dorice.Ries@jbu.edu,Employee,Computer Science
882,Dode,Henrie,Dode.Henrie@jbu.edu,Applicant,Sciences
883,Sabina,Mike,Sabina.Mike@jbu.edu,Employee,Mathematics
884,Susette,Eliathas,Susette.Eliathas@jbu.edu,Student,Politics
885,Desirae,Braun,Desirae.Braun@jbu.edu,Applicant,Mathematics
886,Madalyn,Carri,Madalyn.Carri@jbu.edu,Applicant,Nursing
887,Doro,Chobot,Doro.Chobot@jbu.edu,Employee,Computer Science
888,Lynnea,Vacuva,Lynnea.Vacuva@jbu.edu,Student,Religion
889,Ernesta,Shaver,Ernesta.Shaver@jbu.edu,Professor,Kinesiology
890,Carolina,Manolo,Carolina.Manolo@jbu.edu,Professor,Sciences
891,Rivalee,Markman,Rivalee.Markman@jbu.edu,Professor,Engineering
892,Anallese,Loring,Anallese.Loring@jbu.edu,Applicant,Mathematics
893,Veda,Astra,Veda.Astra@jbu.edu,Professor,Religion
894,Chrystel,Sasnett,Chrystel.Sasnett@jbu.edu,Student,Kinesiology
895,Wilma,Hermes,Wilma.Hermes@jbu.edu,Employee,Engineering
896,Allis,Stoller,Allis.Stoller@jbu.edu,Employee,Mathematics
897,Bill,Georas,Bill.Georas@jbu.edu,Student,Computer Science
898,Clarice,Drisko,Clarice.Drisko@jbu.edu,Employee,Kinesiology
899,Minne,Naor,Minne.Naor@jbu.edu,Student,Nursing
900,Monika,Rocray,Monika.Rocray@jbu.edu,Employee,Kinesiology
901,Teriann,Bigner,Teriann.Bigner@jbu.edu,Applicant,Engineering
902,Rosene,Simmonds,Rosene.Simmonds@jbu.edu,Student,Politics
903,Gwenneth,Muriel,Gwenneth.Muriel@jbu.edu,Professor,Nursing
904,Linet,Vivle,Linet.Vivle@jbu.edu,Employee,Engineering
905,Jackie,Rosalba,Jackie.Rosalba@jbu.edu,Employee,Nursing
906,Charlena,Paton,Charlena.Paton@jbu.edu,Applicant,Religion
907,Glenda,Ferino,Glenda.Ferino@jbu.edu,Professor,Business
908,Violet,Engdahl,Violet.Engdahl@jbu.edu,Applicant,Sciences
909,Yvonne,Callista,Yvonne.Callista@jbu.edu,Applicant,Kinesiology
910,Lynnea,Chabot,Lynnea.Chabot@jbu.edu,Student,Religion
911,Mariele,Genna,Mariele.Genna@jbu.edu,Student,Computer Science
912,June,Nunci,June.Nunci@jbu.edu,Applicant,Business
913,Miquela,Eachern,Miquela.Eachern@jbu.edu,Applicant,Business
914,Deirdre,Mintz,Deirdre.Mintz@jbu.edu,Employee,Sciences
915,Teriann,Lilas,Teriann.Lilas@jbu.edu,Applicant,Kinesiology
916,Elvira,Barbey,Elvira.Barbey@jbu.edu,Applicant,Religion
917,Suzette,Matthew,Suzette.Matthew@jbu.edu,Applicant,Kinesiology
918,Georgetta,Arvo,Georgetta.Arvo@jbu.edu,Employee,Business
919,Merry,Mozelle,Merry.Mozelle@jbu.edu,Employee,Politics
920,Jenda,Reinke,Jenda.Reinke@jbu.edu,Professor,Sciences
921,Emelina,Philipp,Emelina.Philipp@jbu.edu,Student,Engineering
922,Vanessa,Zuzana,Vanessa.Zuzana@jbu.edu,Employee,Engineering
923,Hallie,Gladstone,Hallie.Gladstone@jbu.edu,Employee,Kinesiology
924,Leontine,Tiffa,Leontine.Tiffa@jbu.edu,Employee,Business
925,Alyssa,Eckblad,Alyssa.Eckblad@jbu.edu,Professor,Mathematics
926,Alie,Goddard,Alie.Goddard@jbu.edu,Employee,Computer Science
927,Gisela,Crudden,Gisela.Crudden@jbu.edu,Student,Mathematics
928,Josephine,Gunn,Josephine.Gunn@jbu.edu,Applicant,Engineering
929,Ira,Ahab,Ira.Ahab@jbu.edu,Employee,Sciences
930,Emmey,Hathaway,Emmey.Hathaway@jbu.edu,Applicant,Kinesiology
931,Jillayne,Wenda,Jillayne.Wenda@jbu.edu,Applicant,Engineering
932,Roz,Jillane,Roz.Jillane@jbu.edu,Student,Kinesiology
933,Kelly,Vins,Kelly.Vins@jbu.edu,Professor,Politics
934,Daphne,Heisel,Daphne.Heisel@jbu.edu,Employee,Sciences
935,Antonietta,Read,Antonietta.Read@jbu.edu,Professor,Nursing
936,Corene,Magnolia,Corene.Magnolia@jbu.edu,Employee,Religion
937,Eadie,Monk,Eadie.Monk@jbu.edu,Professor,Engineering
938,Jenda,Phyllis,Jenda.Phyllis@jbu.edu,Student,Politics
939,Gratia,Jena,Gratia.Jena@jbu.edu,Employee,Nursing
940,Inga,Decato,Inga.Decato@jbu.edu,Professor,Mathematics
941,Caritta,Durante,Caritta.Durante@jbu.edu,Applicant,Sciences
942,Veda,Charmine,Veda.Charmine@jbu.edu,Professor,Nursing
943,Alameda,Joli,Alameda.Joli@jbu.edu,Student,Nursing
944,Bibby,Natalia,Bibby.Natalia@jbu.edu,Employee,Engineering
945,Lilith,Dyche,Lilith.Dyche@jbu.edu,Applicant,Computer Science
946,Joane,An,Joane.An@jbu.edu,Employee,Business
947,Janey,Narton,Janey.Narton@jbu.edu,Employee,Mathematics
948,Gianina,Lea,Gianina.Lea@jbu.edu,Applicant,Kinesiology
949,Kirstin,Poppy,Kirstin.Poppy@jbu.edu,Student,Politics
950,Adore,Morrill,Adore.Morrill@jbu.edu,Applicant,Nursing
951,Cissiee,Berne,Cissiee.Berne@jbu.edu,Employee,Religion
952,Damaris,Arley,Damaris.Arley@jbu.edu,Professor,Engineering
953,Tori,Schenck,Tori.Schenck@jbu.edu,Student,Computer Science
954,Marti,Kiyoshi,Marti.Kiyoshi@jbu.edu,Employee,Politics
955,Larine,Marcellus,Larine.Marcellus@jbu.edu,Employee,Computer Science
956,Dennie,Ackerley,Dennie.Ackerley@jbu.edu,Student,Business
957,Kelly,Kannry,Kelly.Kannry@jbu.edu,Applicant,Politics
958,Kerrin,Drus,Kerrin.Drus@jbu.edu,Student,Computer Science
959,Ada,Delacourt,Ada.Delacourt@jbu.edu,Professor,Engineering
960,Abbie,Connelly,Abbie.Connelly@jbu.edu,Employee,Engineering
961,Miquela,Devlen,Miquela.Devlen@jbu.edu,Employee,Politics
962,Xylina,Weitman,Xylina.Weitman@jbu.edu,Applicant,Mathematics
963,Dolli,Merna,Dolli.Merna@jbu.edu,Professor,Computer Science
964,Arabel,Presber,Arabel.Presber@jbu.edu,Applicant,Sciences
965,Ursulina,Roche,Ursulina.Roche@jbu.edu,Student,Sciences
966,Annaliese,Mitzi,Annaliese.Mitzi@jbu.edu,Student,Kinesiology
967,Melisent,Israeli,Melisent.Israeli@jbu.edu,Student,Mathematics
968,Tilly,Wooster,Tilly.Wooster@jbu.edu,Applicant,Engineering
969,Rochette,Malanie,Rochette.Malanie@jbu.edu,Professor,Computer Science
970,Micheline,Rudolph,Micheline.Rudolph@jbu.edu,Professor,Engineering
971,Marleah,Abbot,Marleah.Abbot@jbu.edu,Student,Mathematics
972,Willetta,Munn,Willetta.Munn@jbu.edu,Professor,Business
973,Dyann,Quinn,Dyann.Quinn@jbu.edu,Employee,Religion
974,Maud,Orpah,Maud.Orpah@jbu.edu,Student,Kinesiology
975,Rori,Philipp,Rori.Philipp@jbu.edu,Student,Religion
976,Gwenneth,Chesna,Gwenneth.Chesna@jbu.edu,Applicant,Sciences
977,Sadie,Amethist,Sadie.Amethist@jbu.edu,Professor,Religion
978,Merrie,Horan,Merrie.Horan@jbu.edu,Professor,Politics
979,Leanna,Lipson,Leanna.Lipson@jbu.edu,Professor,Nursing
980,Cam,Gilbertson,Cam.Gilbertson@jbu.edu,Applicant,Business
981,Rori,Briney,Rori.Briney@jbu.edu,Professor,Computer Science
982,Lynde,Shama,Lynde.Shama@jbu.edu,Employee,Kinesiology
983,Kaia,Naashom,Kaia.Naashom@jbu.edu,Employee,Computer Science
984,Sherrie,Lay,Sherrie.Lay@jbu.edu,Applicant,Politics
985,Miquela,Codding,Miquela.Codding@jbu.edu,Student,Business
986,Nickie,Callista,Nickie.Callista@jbu.edu,Professor,Business
987,Vonny,Jerald,Vonny.Jerald@jbu.edu,Student,Religion
988,Marinna,Standing,Marinna.Standing@jbu.edu,Applicant,Nursing
989,Britni,Heidt,Britni.Heidt@jbu.edu,Employee,Nursing
990,Celene,Kathie,Celene.Kathie@jbu.edu,Student,Business
991,Alejandra,Rolf,Alejandra.Rolf@jbu.edu,Applicant,Computer Science
992,Harmonia,Flyn,Harmonia.Flyn@jbu.edu,Student,Nursing
993,Elise,Hessler,Elise.Hessler@jbu.edu,Professor,Politics
994,Danika,Bryna,Danika.Bryna@jbu.edu,Professor,Kinesiology
995,Claresta,Masao,Claresta.Masao@jbu.edu,Employee,Sciences
996,Fanchon,Tannie,Fanchon.Tannie@jbu.edu,Professor,Nursing
997,Willetta,Erminia,Willetta.Erminia@jbu.edu,Employee,Religion
998,Tracey,Han,Tracey.Han@jbu.edu,Applicant,Sciences
999,Kore,Dannye,Kore.Dannye@jbu.edu,Student,Religion
1000,Dominga,Salchunas,Dominga.Salchunas@jbu.edu,Student,Religion
1001,Sissy,Strephon,Sissy.Strephon@jbu.edu,Professor,Computer Science
1002,Wendi,Schlosser,Wendi.Schlosser@jbu.edu,Applicant,Politics
1003,Fanny,Andrel,Fanny.Andrel@jbu.edu,Professor,Religion
1004,Quintina,Hazlett,Quintina.Hazlett@jbu.edu,Professor,Engineering
1005,Frances,Lauraine,Frances.Lauraine@jbu.edu,Professor,Mathematics
1006,Jacenta,Tengdin,Jacenta.Tengdin@jbu.edu,Applicant,Business
1007,Jasmina,Tremayne,Jasmina.Tremayne@jbu.edu,Professor,Computer Science
1008,Babita,Bartlett,Babita.Bartlett@jbu.edu,Employee,Computer Science
1009,Ericka,Alfons,Ericka.Alfons@jbu.edu,Applicant,Nursing
1010,Vevay,Cimbura,Vevay.Cimbura@jbu.edu,Professor,Nursing
1011,Minne,Weinreb,Minne.Weinreb@jbu.edu,Student,Computer Science
1012,Gwenneth,Anestassia,Gwenneth.Anestassia@jbu.edu,Applicant,Mathematics
1013,Bobbi,Abernon,Bobbi.Abernon@jbu.edu,Professor,Nursing
1014,Leona,Maples,Leona.Maples@jbu.edu,Employee,Nursing
1015,Queenie,Jillane,Queenie.Jillane@jbu.edu,Employee,Kinesiology
1016,Caressa,Izaak,Caressa.Izaak@jbu.edu,Student,Engineering
1017,Bill,Medrek,Bill.Medrek@jbu.edu,Student,Religion
1018,Dorthy,Redmond,Dorthy.Redmond@jbu.edu,Student,Business
1019,Sophia,Alarise,Sophia.Alarise@jbu.edu,Applicant,Mathematics
1020,Christal,Hoenack,Christal.Hoenack@jbu.edu,Employee,Computer Science
1021,Yetty,O'Carroll,Yetty.O'Carroll@jbu.edu,Professor,Kinesiology
1022,Cyb,Sancho,Cyb.Sancho@jbu.edu,Employee,Mathematics
1023,Doralynne,Noam,Doralynne.Noam@jbu.edu,Professor,Computer Science
1024,Addia,Even,Addia.Even@jbu.edu,Professor,Kinesiology
1025,Ida,Fulmer,Ida.Fulmer@jbu.edu,Applicant,Computer Science
1026,Gwenneth,Cimbura,Gwenneth.Cimbura@jbu.edu,Employee,Nursing
1027,Kore,Ilka,Kore.Ilka@jbu.edu,Applicant,Sciences
1028,Desirae,Ummersen,Desirae.Ummersen@jbu.edu,Student,Kinesiology
1029,Bertine,Amasa,Bertine.Amasa@jbu.edu,Employee,Kinesiology
1030,Goldie,Jacinda,Goldie.Jacinda@jbu.edu,Applicant,Engineering
1031,Claudina,My,Claudina.My@jbu.edu,Professor,Sciences
1032,Ketti,Chandler,Ketti.Chandler@jbu.edu,Student,Nursing
1033,Andeee,Roche,Andeee.Roche@jbu.edu,Professor,Computer Science
1034,Marsiella,Sacken,Marsiella.Sacken@jbu.edu,Student,Computer Science
1035,Binny,Orpah,Binny.Orpah@jbu.edu,Student,Computer Science
1036,Liana,Diann,Liana.Diann@jbu.edu,Student,Religion
1037,Kamilah,Angelis,Kamilah.Angelis@jbu.edu,Applicant,Business
1038,Laurene,Sperling,Laurene.Sperling@jbu.edu,Student,Sciences
1039,Claresta,Riordan,Claresta.Riordan@jbu.edu,Student,Religion
1040,Feliza,Primalia,Feliza.Primalia@jbu.edu,Applicant,Politics
1041,Ginnie,Jacobah,Ginnie.Jacobah@jbu.edu,Employee,Engineering
1042,Lolita,Joni,Lolita.Joni@jbu.edu,Professor,Politics
1043,Sheree,Redmond,Sheree.Redmond@jbu.edu,Professor,Sciences
1044,Jillayne,Margarete,Jillayne.Margarete@jbu.edu,Employee,Business
1045,Darlleen,Henebry,Darlleen.Henebry@jbu.edu,Employee,Nursing
1046,Dale,Decato,Dale.Decato@jbu.edu,Applicant,Sciences
1047,Isa,Clie,Isa.Clie@jbu.edu,Professor,Nursing
1048,Elena,Kronfeld,Elena.Kronfeld@jbu.edu,Applicant,Religion
1049,Siana,Randene,Siana.Randene@jbu.edu,Applicant,Mathematics
1050,Lucille,Karylin,Lucille.Karylin@jbu.edu,Student,Nursing
1051,Antonietta,Alejoa,Antonietta.Alejoa@jbu.edu,Employee,Religion
1052,Natka,Pettiford,Natka.Pettiford@jbu.edu,Applicant,Sciences
1053,Anestassia,Shirberg,Anestassia.Shirberg@jbu.edu,Student,Politics
1054,Shauna,Paton,Shauna.Paton@jbu.edu,Applicant,Mathematics
1055,Jaime,Adore,Jaime.Adore@jbu.edu,Professor,Mathematics
1056,Melisent,Sperling,Melisent.Sperling@jbu.edu,Applicant,Engineering
1057,Lorne,Yorick,Lorne.Yorick@jbu.edu,Applicant,Mathematics
1058,Laurene,Lewes,Laurene.Lewes@jbu.edu,Employee,Religion
1059,Cyb,Munn,Cyb.Munn@jbu.edu,Applicant,Engineering
1060,Rosabelle,Cynar,Rosabelle.Cynar@jbu.edu,Professor,Engineering
1061,Verla,Dituri,Verla.Dituri@jbu.edu,Employee,Engineering
1062,Elie,Leler,Elie.Leler@jbu.edu,Applicant,Computer Science
1063,Elyssa,Weitman,Elyssa.Weitman@jbu.edu,Applicant,Nursing
1064,Alleen,Ochs,Alleen.Ochs@jbu.edu,Applicant,Kinesiology
1065,Farrah,Ade,Farrah.Ade@jbu.edu,Applicant,Kinesiology
1066,Miquela,Wadell,Miquela.Wadell@jbu.edu,Professor,Sciences
1067,Arlina,Schenck,Arlina.Schenck@jbu.edu,Professor,Kinesiology
1068,Paule,Rosemary,Paule.Rosemary@jbu.edu,Professor,Sciences
1069,Priscilla,Thunell,Priscilla.Thunell@jbu.edu,Student,Computer Science
1070,Kimberley,Oscar,Kimberley.Oscar@jbu.edu,Student,Religion
1071,Misha,Ogren,Misha.Ogren@jbu.edu,Student,Engineering
1072,Winny,Estella,Winny.Estella@jbu.edu,Employee,Business
1073,Calla,Phaidra,Calla.Phaidra@jbu.edu,Student,Engineering
1074,Kirstin,Campball,Kirstin.Campball@jbu.edu,Applicant,Business
1075,Joceline,Gunn,Joceline.Gunn@jbu.edu,Student,Mathematics
1076,Kimmy,Shaddock,Kimmy.Shaddock@jbu.edu,Applicant,Politics
1077,Andree,Brittani,Andree.Brittani@jbu.edu,Student,Mathematics
1078,Talya,Nelsen,Talya.Nelsen@jbu.edu,Employee,Sciences
1079,Gerrie,Quent,Gerrie.Quent@jbu.edu,Employee,Engineering
1080,Esmeralda,Dichy,Esmeralda.Dichy@jbu.edu,Employee,Business
1081,Andree,Mauer,Andree.Mauer@jbu.edu,Student,Mathematics
1082,Genevra,Lenny,Genevra.Lenny@jbu.edu,Professor,Business
1083,Queenie,Laverne,Queenie.Laverne@jbu.edu,Student,Business
1084,Belinda,Carey,Belinda.Carey@jbu.edu,Applicant,Religion
1085,Brynna,Harned,Brynna.Harned@jbu.edu,Applicant,Business
1086,Andree,Travax,Andree.Travax@jbu.edu,Applicant,Mathematics
1087,Dorice,Jacinda,Dorice.Jacinda@jbu.edu,Student,Nursing
1088,Paulita,Hutchison,Paulita.Hutchison@jbu.edu,Employee,Religion
1089,Tersina,Vacuva,Tersina.Vacuva@jbu.edu,Student,Mathematics
1090,Beatriz,Shuler,Beatriz.Shuler@jbu.edu,Professor,Business
1091,Brooks,Shirberg,Brooks.Shirberg@jbu.edu,Professor,Nursing
1092,Jessamyn,Saunderson,Jessamyn.Saunderson@jbu.edu,Student,Kinesiology
1093,Belinda,Vorster,Belinda.Vorster@jbu.edu,Professor,Sciences
1094,Meriel,Gemini,Meriel.Gemini@jbu.edu,Professor,Engineering
1095,Joleen,Love,Joleen.Love@jbu.edu,Employee,Computer Science
1096,Ginnie,Weitman,Ginnie.Weitman@jbu.edu,Applicant,Engineering
1097,Linzy,Vilma,Linzy.Vilma@jbu.edu,Professor,Sciences
1098,Jemie,Kristi,Jemie.Kristi@jbu.edu,Student,Religion
1099,Adele,Rosemary,Adele.Rosemary@jbu.edu,Employee,Politics
1100,Hello,World,Hello.World@jbu.edu,Professor,Computer Science